<?xml version="1.0" encoding="utf-8"?>
<resources>

    <!-- Language picker (ListPreference) -->
    <!-- IMPORTANT: app_language_values MUST stay identical in every locale (never translate codes). -->
    <string-array name="app_language_entries" translatable="false">
        <item>Français</item>
        <item>Anglais</item>
        <item>Espagnol</item>
        <item>Allemand</item>
        <item>Italien</item>
        <item>Portugais</item>
        <item>Portugais (Brésil)</item>
        <item>Néerlandais</item>
        <item>Polonais</item>
        <item>Russe</item>
        <item>Arabe</item>
        <item>Chinois (simplifié)</item>
        <item>Japonais</item>
    </string-array>

    <string-array name="app_language_values" translatable="false">
        <item>fr</item>
        <item>en</item>
        <item>es</item>
        <item>de</item>
        <item>it</item>
        <item>pt</item>
        <item>pt-BR</item>
        <item>nl</item>
        <item>pl</item>
        <item>ru</item>
        <item>ar</item>
        <item>zh-CN</item>
        <item>ja</item>
    </string-array>

</resources>
